cluster_id,cooperative_name,region,country,hectares,num_smallholders,avg_landholding_ha,season_length_days,awd_drying_cycles,avg_drying_depth_cm,compliance_rate,soil_type,soil_organic_carbon_pct,organic_amendment_ton_ha,sentinel1_sar_verification_score,baseline_water_regime,project_water_regime,mrv_audit_status
CLUST_001,Andhra Pradesh Carbon Co-op B,Andhra Pradesh (Godavari Delta),India,1165,778,1.5,105,6,14.3,0.949,Heavy Clay,0.81,1.73,0.972,Continuously Flooded (Anaerobic),Alternate Wetting and Drying (AWD),Passed (Ground Pipe + Satellite SAR Confirmed)
CLUST_002,Haryana Carbon Co-op C,Haryana (Karnal Rice Belt),India,627,436,1.44,105,7,16.1,0.75,Silty Clay Loam,1.01,0.65,0.93,Continuously Flooded (Anaerobic),Alternate Wetting and Drying (AWD),Passed (Ground Pipe + Satellite SAR Confirmed)
CLUST_003,Andhra Pradesh Carbon Co-op D,Andhra Pradesh (Godavari Delta),India,859,652,1.32,115,8,15.6,0.877,Heavy Clay,0.77,0.89,0.881,Continuously Flooded (Anaerobic),Alternate Wetting and Drying (AWD),Passed (Ground Pipe + Satellite SAR Confirmed)
CLUST_004,Andhra Pradesh Carbon Co-op E,Andhra Pradesh (Godavari Delta),India,585,390,1.5,110,6,17.2,0.954,Heavy Clay,1.35,0.81,0.976,Continuously Flooded (Anaerobic),Alternate Wetting and Drying (AWD),Passed (Ground Pipe + Satellite SAR Confirmed)
CLUST_005,Haryana Carbon Co-op F,Haryana (Karnal Rice Belt),India,814,507,1.6,115,7,14.2,0.954,Silty Clay Loam,1.14,0.98,0.921,Continuously Flooded (Anaerobic),Alternate Wetting and Drying (AWD),Passed (Ground Pipe + Satellite SAR Confirmed)
CLUST_006,Punjab Carbon Co-op G,Punjab (Patiala & Sangrur Basin),India,707,527,1.34,105,4,17.5,0.816,Clay Loam,1.53,1.74,0.95,Continuously Flooded (Anaerobic),Alternate Wetting and Drying (AWD),Passed (Ground Pipe + Satellite SAR Confirmed)
CLUST_007,Vietnam Carbon Co-op H,Vietnam (An Giang - Mekong Delta),Vietnam,1148,676,1.7,115,7,15.2,0.944,Acid Sulfate Clay,1.45,2.01,0.911,Continuously Flooded (Anaerobic),Alternate Wetting and Drying (AWD),Passed (Ground Pipe + Satellite SAR Confirmed)
CLUST_008,Vietnam Carbon Co-op I,Vietnam (An Giang - Mekong Delta),Vietnam,1180,831,1.42,115,8,16.0,0.761,Acid Sulfate Clay,0.78,0.68,0.854,Continuously Flooded (Anaerobic),Alternate Wetting and Drying (AWD),Passed (Ground Pipe + Satellite SAR Confirmed)
CLUST_009,Punjab Carbon Co-op J,Punjab (Patiala & Sangrur Basin),India,720,454,1.59,110,8,15.9,0.872,Clay Loam,1.72,1.56,0.888,Continuously Flooded (Anaerobic),Alternate Wetting and Drying (AWD),Passed (Ground Pipe + Satellite SAR Confirmed)
CLUST_010,Vietnam Carbon Co-op K,Vietnam (An Giang - Mekong Delta),Vietnam,1110,656,1.69,115,7,15.5,0.816,Acid Sulfate Clay,1.75,0.96,0.934,Continuously Flooded (Anaerobic),Alternate Wetting and Drying (AWD),Passed (Ground Pipe + Satellite SAR Confirmed)
CLUST_011,Punjab Carbon Co-op L,Punjab (Patiala & Sangrur Basin),India,1072,1019,1.05,110,6,14.9,0.916,Clay Loam,1.19,0.61,0.883,Continuously Flooded (Anaerobic),Alternate Wetting and Drying (AWD),Passed (Ground Pipe + Satellite SAR Confirmed)
CLUST_012,Andhra Pradesh Carbon Co-op M,Andhra Pradesh (Godavari Delta),India,676,514,1.31,110,4,14.5,0.856,Heavy Clay,1.45,1.66,0.919,Continuously Flooded (Anaerobic),Alternate Wetting and Drying (AWD),Passed (Ground Pipe + Satellite SAR Confirmed)
CLUST_013,Haryana Carbon Co-op N,Haryana (Karnal Rice Belt),India,1189,736,1.62,115,6,14.8,0.82,Silty Clay Loam,1.65,1.86,0.87,Continuously Flooded (Anaerobic),Alternate Wetting and Drying (AWD),Passed (Ground Pipe + Satellite SAR Confirmed)
CLUST_014,West Bengal Carbon Co-op O,West Bengal (Burdwan Delta),India,630,468,1.35,105,7,15.1,0.943,Alluvial Silt,0.86,2.1,0.902,Continuously Flooded (Anaerobic),Alternate Wetting and Drying (AWD),Passed (Ground Pipe + Satellite SAR Confirmed)
CLUST_015,Haryana Carbon Co-op P,Haryana (Karnal Rice Belt),India,1086,648,1.68,110,5,14.9,0.886,Silty Clay Loam,1.02,0.66,0.967,Continuously Flooded (Anaerobic),Alternate Wetting and Drying (AWD),Passed (Ground Pipe + Satellite SAR Confirmed)
CLUST_016,Vietnam Carbon Co-op Q,Vietnam (An Giang - Mekong Delta),Vietnam,1117,622,1.8,105,4,15.2,0.874,Acid Sulfate Clay,1.46,0.64,0.871,Continuously Flooded (Anaerobic),Alternate Wetting and Drying (AWD),Passed (Ground Pipe + Satellite SAR Confirmed)
CLUST_017,Philippines Carbon Co-op R,Philippines (Nueva Ecija - Central Luzon),Philippines,968,947,1.02,120,4,14.0,0.783,Volcanic Alluvial Loam,1.0,1.71,0.881,Continuously Flooded (Anaerobic),Alternate Wetting and Drying (AWD),Passed (Ground Pipe + Satellite SAR Confirmed)
CLUST_018,Vietnam Carbon Co-op S,Vietnam (An Giang - Mekong Delta),Vietnam,625,374,1.67,110,6,16.3,0.847,Acid Sulfate Clay,1.02,2.15,0.901,Continuously Flooded (Anaerobic),Alternate Wetting and Drying (AWD),Passed (Ground Pipe + Satellite SAR Confirmed)
CLUST_019,Philippines Carbon Co-op T,Philippines (Nueva Ecija - Central Luzon),Philippines,1134,1123,1.01,115,4,14.7,0.927,Volcanic Alluvial Loam,1.8,2.06,0.898,Continuously Flooded (Anaerobic),Alternate Wetting and Drying (AWD),Passed (Ground Pipe + Satellite SAR Confirmed)
CLUST_020,Punjab Carbon Co-op U,Punjab (Patiala & Sangrur Basin),India,1167,767,1.52,110,8,16.0,0.897,Clay Loam,1.16,1.17,0.96,Continuously Flooded (Anaerobic),Alternate Wetting and Drying (AWD),Passed (Ground Pipe + Satellite SAR Confirmed)
CLUST_021,West Bengal Carbon Co-op V,West Bengal (Burdwan Delta),India,899,649,1.38,120,5,14.9,0.788,Alluvial Silt,1.53,1.44,0.889,Continuously Flooded (Anaerobic),Alternate Wetting and Drying (AWD),Passed (Ground Pipe + Satellite SAR Confirmed)
CLUST_022,Haryana Carbon Co-op W,Haryana (Karnal Rice Belt),India,1067,745,1.43,115,8,14.3,0.875,Silty Clay Loam,1.39,1.25,0.937,Continuously Flooded (Anaerobic),Alternate Wetting and Drying (AWD),Passed (Ground Pipe + Satellite SAR Confirmed)
CLUST_023,West Bengal Carbon Co-op X,West Bengal (Burdwan Delta),India,825,763,1.08,110,4,14.1,0.936,Alluvial Silt,1.6,0.87,0.931,Continuously Flooded (Anaerobic),Alternate Wetting and Drying (AWD),Passed (Ground Pipe + Satellite SAR Confirmed)
CLUST_024,Andhra Pradesh Carbon Co-op Y,Andhra Pradesh (Godavari Delta),India,1089,807,1.35,105,6,16.2,0.801,Heavy Clay,1.23,0.63,0.853,Continuously Flooded (Anaerobic),Alternate Wetting and Drying (AWD),Passed (Ground Pipe + Satellite SAR Confirmed)
CLUST_025,Vietnam Carbon Co-op Z,Vietnam (An Giang - Mekong Delta),Vietnam,556,298,1.87,105,5,14.5,0.75,Acid Sulfate Clay,1.06,2.12,0.946,Continuously Flooded (Anaerobic),Alternate Wetting and Drying (AWD),Passed (Ground Pipe + Satellite SAR Confirmed)
